Server ID,Project Name,Server Name,Volume ID,Volume Name,Size (GB),Volume AZ,Created at,Type
0858921a-c1bc-47c0-8123-4e272deff02b,ASAv-Test,vSRX04,9fb0c9eb-fcc4-46b2-88d3-4f8a8b075f5c,vSRX04,30,nova,Feb. 3- 2020,stabl2
18e581c8-75bc-42cc-97f0-10a4970a3260,Apple,INS01,3c103cdd-6cbf-465b-aae3-fc03a709bdaa,,5,nova,Jan. 30- 2020,stabl2
1f9de3e4-219d-416b-bf82-76d91fd58b01,Apple,Wind12,b8c71f47-fe12-4c16-8f3e-a6d48b406c05,Windows,60,nova,Feb. 5- 2020,stabl1
222273a8-4d71-47cc-9c4a-8597bd434c37,ASAv-Test,vSRX03,788a3070-5659-4761-a0d1-d8d4c2248ac7,vSRX03,30,nova,Feb. 3- 2020,stabl2
27d02200-13a6-43fb-9fbe-3a7342c60949,HCM,test_pravin,f06a22d0-fbcc-4873-9c4d-0a75900d8e86,,20,nova,Jan. 31- 2020,stabl2
367ae938-62b4-4b74-ae0a-f3164243660f,ASAv-Test,vSRX-BGPaaS,d3de4dc7-89b5-4f0a-bd36-172977e6759f,vSRX-BGPaaS-Vol,30,nova,Feb. 5- 2020,stabl2
4041b485-7d75-4d74-b258-7279f2805578,Apple,winows12,4e599114-9db2-4ebf-962e-e141ef110ab1,win12new,60,nova,Feb. 5- 2020,stabl1
444ef642-4954-413a-8ef6-ce33d7bcca6e,ASAv-Test,left-vm01,3142c5b5-12d4-4ea1-9d89-e161eb4d5bf1,,1,nova,Feb. 3- 2020,stabl2
4b758402-76ba-407f-a010-4017cf7eb68f,HCM,usashhcmrepo01,d62addba-f543-4f10-be4e-32ff297e5557,,40,nova,Dec. 18- 2019,stabl2
5b28358c-4020-40fc-aabc-3e2a195fdb66,Orange,cirros_snapB_inst,2d41ec0a-de49-4cb2-bedb-b439148cbe41,,10,nova,Jan. 31- 2020,stabl1
5e972ceb-9e0b-4e86-941f-d47efd4aa58c,Orange,developer-Developer-vcp5mabcwgrh,2f3dc248-cab1-44a3-b657-44d0ab1a2e8b,max-vol-size-16,16384,nova,Jan. 7- 2020,stabl1
5e972ceb-9e0b-4e86-941f-d47efd4aa58c,Orange,developer-Developer-vcp5mabcwgrh,1a9bf184-8b31-410c-96d3-a8940f2f0bf6,perftest10,100,nova,Jan. 3- 2020,None
5e972ceb-9e0b-4e86-941f-d47efd4aa58c,Orange,developer-Developer-vcp5mabcwgrh,ec7cf270-e127-4fa9-8c43-781fb2274760,perftest9,10,nova,Jan. 3- 2020,stabl1
5e972ceb-9e0b-4e86-941f-d47efd4aa58c,Orange,developer-Developer-vcp5mabcwgrh,aaa62e95-bec6-463f-9c28-ea33b5f68b6b,perftest8,10,nova,Jan. 3- 2020,stabl1
5e972ceb-9e0b-4e86-941f-d47efd4aa58c,Orange,developer-Developer-vcp5mabcwgrh,91d56f7f-efa1-48bb-8f19-e45f48094503,perftest7,10,nova,Jan. 3- 2020,stabl1
5e972ceb-9e0b-4e86-941f-d47efd4aa58c,Orange,developer-Developer-vcp5mabcwgrh,708dc88f-73a5-43d5-a71a-145299d42836,perftest5,50,nova,Jan. 3- 2020,stabl1
5e972ceb-9e0b-4e86-941f-d47efd4aa58c,Orange,developer-Developer-vcp5mabcwgrh,9d8b9955-dd91-41ba-be07-b6fd5f46cf9b,perftest4,10,nova,Jan. 3- 2020,stabl1
5e972ceb-9e0b-4e86-941f-d47efd4aa58c,Orange,developer-Developer-vcp5mabcwgrh,0231767f-bb13-4bac-a725-1a6aa1d53a69,perftest4,10,nova,Jan. 3- 2020,stabl1
5e972ceb-9e0b-4e86-941f-d47efd4aa58c,Orange,developer-Developer-vcp5mabcwgrh,b9f8bd38-f695-495b-a268-9022dbf213e7,perftest3,10,nova,Jan. 3- 2020,stabl1
5e972ceb-9e0b-4e86-941f-d47efd4aa58c,Orange,developer-Developer-vcp5mabcwgrh,d7e6a2d6-5d2c-4adf-9dbe-60eefa865554,perftest1,10,nova,Jan. 3- 2020,stabl1
5e972ceb-9e0b-4e86-941f-d47efd4aa58c,Orange,developer-Developer-vcp5mabcwgrh,6340f7a2-b8ee-4681-9b04-d7c0ea108ca4,perftest,10,nova,Jan. 3- 2020,stabl1
77704d2d-287a-40b5-8af0-1570c033c3f8,ASAv-Test,ASA-1,2fd53f1e-5227-4489-bdcd-0756e45ddd48,,20,nova,Jan. 2- 2020,None
7c4dd9bd-83d6-4c2b-807a-e1d308c4b6f0,Orange,perftest2_snapB_inst,dd6c4670-1302-485e-b961-be21f280122c,,21,nova,Jan. 31- 2020,stabl2
7c5a1f5f-b8be-43bb-b771-07b1f7b591c1,HCM,usashhcmcrt01,604ac3a7-797d-461a-8b8a-bcb9f2547c42,,40,nova,Dec. 18- 2019,stabl2
81c8c867-2b16-4115-aab4-975354624994,Orange,perf-test-2-Perf-Test-gsijl35yltk4,13217fe1-fc6f-414c-b3c5-912402f93400,pertest-stabl2-vol6,1024,nova,Jan. 9- 2020,stabl2
81c8c867-2b16-4115-aab4-975354624994,Orange,perf-test-2-Perf-Test-gsijl35yltk4,2eae829a-668f-418c-92bb-7dbfb73c564f,pertest-stabl2-vol5,100,nova,Jan. 9- 2020,stabl2
81c8c867-2b16-4115-aab4-975354624994,Orange,perf-test-2-Perf-Test-gsijl35yltk4,e3ab1b43-d26d-4e62-8593-0697b0b5c027,pertest-stabl2-vol4,50,nova,Jan. 9- 2020,stabl2
81c8c867-2b16-4115-aab4-975354624994,Orange,perf-test-2-Perf-Test-gsijl35yltk4,fc0edb7a-ff6e-425a-8090-7ea19aeb1ca9,pertest-stabl2-vol3,20,nova,Jan. 9- 2020,stabl2
81c8c867-2b16-4115-aab4-975354624994,Orange,perf-test-2-Perf-Test-gsijl35yltk4,bcedd42d-4bc0-4644-9c2a-7365c8b22c62,pertest-stabl2-vol2,10,nova,Jan. 9- 2020,stabl2
81c8c867-2b16-4115-aab4-975354624994,Orange,perf-test-2-Perf-Test-gsijl35yltk4,b30c3e6e-b0b4-41af-a690-20fcff1ac4c2,pertest-stabl2-vol1,10,nova,Jan. 9- 2020,stabl2
9f0ddc01-bf96-47c6-8d0d-44e3c610c30b,Orange,perf-test-1-Perf-Test-dtkl4md3j3ph,327c14ee-e7b1-4bb8-b6e0-ff1a2e2c2d34,test10,2048,nova,Jan. 6- 2020,arbor
9f0ddc01-bf96-47c6-8d0d-44e3c610c30b,Orange,perf-test-1-Perf-Test-dtkl4md3j3ph,ca5ad3fd-5c4a-40c9-ae81-601ab8d2a62e,test9,10,nova,Jan. 6- 2020,arbor
9f0ddc01-bf96-47c6-8d0d-44e3c610c30b,Orange,perf-test-1-Perf-Test-dtkl4md3j3ph,b56d676e-491a-4378-98f2-250512d36656,test8,50,nova,Jan. 6- 2020,arbor
9f0ddc01-bf96-47c6-8d0d-44e3c610c30b,Orange,perf-test-1-Perf-Test-dtkl4md3j3ph,40e498ff-ebfb-4c61-a5d2-5153c66d5cfa,test7,10,nova,Jan. 6- 2020,arbor
9f0ddc01-bf96-47c6-8d0d-44e3c610c30b,Orange,perf-test-1-Perf-Test-dtkl4md3j3ph,a29c8a1b-9844-4edd-a563-404eefc71b50,test6,10,nova,Jan. 6- 2020,arbor
9f0ddc01-bf96-47c6-8d0d-44e3c610c30b,Orange,perf-test-1-Perf-Test-dtkl4md3j3ph,8d3fc01b-1e0f-4bfd-acc0-efbfc0cf7c99,test5,10,nova,Jan. 6- 2020,arbor
9f0ddc01-bf96-47c6-8d0d-44e3c610c30b,Orange,perf-test-1-Perf-Test-dtkl4md3j3ph,f4b92830-3a4d-4119-b95f-d9f30b0113f6,test4,50,nova,Jan. 6- 2020,arbor
9f0ddc01-bf96-47c6-8d0d-44e3c610c30b,Orange,perf-test-1-Perf-Test-dtkl4md3j3ph,843e6fbf-1a3b-4235-b5a4-299fcaeec16b,test3,50,nova,Jan. 6- 2020,arbor
9f0ddc01-bf96-47c6-8d0d-44e3c610c30b,Orange,perf-test-1-Perf-Test-dtkl4md3j3ph,6fa106a5-8317-46e0-9cbf-9323c10f963a,test2,20,nova,Jan. 6- 2020,arbor
9f0ddc01-bf96-47c6-8d0d-44e3c610c30b,Orange,perf-test-1-Perf-Test-dtkl4md3j3ph,68a7fea2-a738-4465-954f-e9ef6dc85a54,test1,10,nova,Jan. 6- 2020,arbor
a038ef22-afd3-4dec-8071-dcb5b0bc2668,ASAv-Test,right-vm01,8d204360-bd4e-4477-9343-7a1e4c436cb4,,1,nova,Feb. 3- 2020,stabl2
b966c6f7-f7b9-439f-936d-59afefbc7906,ASAv-Test,Palo-vm01,d9c9bc7e-374c-43af-8e9e-82bf1bbbcaca,pa-vol1,60,nova,Feb. 3- 2020,stabl2
d8344666-31ff-4e5e-82a8-4003e3e79ac8,ASAv-Test,ASA-2,31b66a7c-7900-4ce9-9355-a94cee16a4f3,,20,nova,Jan. 2- 2020,None
f17054cc-9fd8-4f56-9ab4-f7cdc2446012,ASAv-Test,Palo-VM02,8c6e8a46-9e10-4d53-8ad7-3e922be8a67a,Pa-vol2,60,nova,Feb. 3- 2020,stabl2
NOT FOUND,None,NOT FOUND,05407315-b7c6-41f5-81be-df4f87673526,,1,nova,Dec. 10- 2019,None
NOT FOUND,None,NOT FOUND,3851f481-56f7-4e97-8a7f-5fc6896dff9e,,1,nova,Dec. 9- 2019,None
NOT FOUND,None,NOT FOUND,28e4238f-7d5a-44f7-a6ff-320e83b5bc3e,,1,nova,Dec. 9- 2019,None
Unattached,Orange,Unattached,5c28d8a4-4b48-4a2a-a1c4-de71d4481e46,vol-stabl2,1,nova,Feb. 5- 2020,stabl2
Unattached,ASAv-Test,Unattached,f157e96e-6a0c-4bf1-acb0-27ec00c628b5,,60,nova,Feb. 3- 2020,None
Unattached,Apple,Unattached,b6050ec0-002c-4c69-b80e-6f828e29b353,,20,nova,Jan. 31- 2020,stabl2
Unattached,Apple,Unattached,82b1f12b-fb25-45fa-8c7d-b6547ae676a1,,40,nova,Jan. 31- 2020,None
Unattached,Orange,Unattached,9f7cbfef-f3b8-49b4-8aaa-76d17e64e9a4,vol1-arbor,1,nova,Jan. 30- 2020,arbor
Unattached,Apple,Unattached,9084e531-2519-496a-9ffc-a3055fbeee89,,5,nova,Jan. 30- 2020,stabl2
Unattached,Apple,Unattached,f925c581-0b86-481d-ac57-b64a60c911fb,,10,nova,Jan. 29- 2020,stabl2
Unattached,Mango,Unattached,fe68dbdb-235a-464e-8e49-1e9ae54bcf55,Test Volume,10,nova,Jan. 29- 2020,stabl1
Unattached,Apple,Unattached,768b92ec-fffb-4761-8d81-754e6783b98f,,40,nova,Jan. 28- 2020,stabl2
Unattached,admin,Unattached,3046cd6e-cdec-4def-b484-1fc5bc64a168,2801_5,5,nova,Jan. 27- 2020,arbor
Unattached,admin,Unattached,5064a064-1a9b-498c-bebf-ef07cb9ce239,2801,50,nova,Jan. 27- 2020,arbor
Unattached,admin,Unattached,45169285-ceb7-4259-831e-856dccda226b,2701,5,nova,Jan. 27- 2020,stabl1
Unattached,admin,Unattached,2a02a7c3-d455-4de9-99e7-98907ff6352c,2701,5,nova,Jan. 27- 2020,stabl1
Unattached,admin,Unattached,237dc281-84fa-4c04-b73c-40faf4860963,2701,5,nova,Jan. 27- 2020,stabl2
Unattached,admin,Unattached,31b7e249-f99a-455d-86b5-6702357287cb,test,2,nova,Jan. 27- 2020,stabl1
Unattached,admin,Unattached,0deaab17-1696-43d1-ae4f-c8e0526dfe67,test,2,nova,Jan. 27- 2020,stabl1
Unattached,admin,Unattached,c07f9b30-a608-4e84-9f99-9086c579f5de,2701,5,nova,Jan. 27- 2020,stabl2
Unattached,admin,Unattached,a139ae07-5a62-4563-a2c4-886a2564fcec,2701,5,nova,Jan. 27- 2020,stabl1
Unattached,admin,Unattached,cf282019-c5ff-4445-8e7a-4e7a1c8eff64,2401,5,nova,Jan. 27- 2020,stabl1
Unattached,Orange,Unattached,6beeaef2-701f-4653-a2c1-e2c65616fada,NewVolu,10,nova,Jan. 24- 2020,None
Unattached,Orange,Unattached,19df66dd-30da-4d4d-a999-5f22c0c3f2ca,NewVolum1,100,nova,Jan. 24- 2020,None
Unattached,admin,Unattached,8e424497-81a0-4737-abd4-d93d1b4415af,2401,5,nova,Jan. 24- 2020,arbor
Unattached,admin,Unattached,231c7506-0d2e-4519-9131-baa93c33082f,2401,5,nova,Jan. 24- 2020,stabl1
Unattached,admin,Unattached,493af13c-318a-4483-a9b8-88f58a63cd55,2401,5,nova,Jan. 24- 2020,stabl2
Unattached,Lemon,Unattached,2cfd1ae2-af90-4ccf-9b2c-f438356b58b7,,20,nova,Jan. 24- 2020,stabl2
Unattached,Apple,Unattached,44ed7377-8411-4423-8364-34f60f7ed003,rr,1,nova,Jan. 24- 2020,arbor
Unattached,Lemon,Unattached,42e20d17-9de7-4ffa-89a8-a2ae98d4c0b6,kamil-test-1,6,nova,Jan. 24- 2020,stabl2
Unattached,admin,Unattached,862dbdd5-8b69-489b-98a8-f97cc8020df1,arp01,2,nova,Jan. 23- 2020,arbor
Unattached,admin,Unattached,13db604a-ab0d-40e7-8f2e-1627cc75f878,arp01,2,nova,Jan. 23- 2020,arbor
Unattached,Lemon,Unattached,de867736-366d-478d-a0a3-0fef9a5cf2c7,,20,nova,Jan. 23- 2020,stabl2
Unattached,Lemon,Unattached,797cbb88-d35e-497c-a0f3-a19818bdffbb,,20,nova,Jan. 23- 2020,None
Unattached,admin,Unattached,1250b549-a807-43b5-9482-69b5979c18f7,TESTVOL00,5,nova,Jan. 22- 2020,arbor
Unattached,admin,Unattached,f8263145-00e8-45f5-a92c-298646481b6a,TESTVOL02,5,nova,Jan. 22- 2020,stabl2
Unattached,admin,Unattached,a5970a1f-e7e4-4c10-905b-bd3dff0da266,TESTVOL01,5,nova,Jan. 22- 2020,stabl1
Unattached,admin,Unattached,9dbb408a-b415-4e24-9c5e-7ef207e01150,ceph03,5,nova,Jan. 22- 2020,stabl2
Unattached,admin,Unattached,aa6a6f93-1217-4fe2-b7db-32dcf3d66e79,ceph02,5,nova,Jan. 22- 2020,stabl1
Unattached,admin,Unattached,df93d125-f693-466c-a242-7454195af275,ceph01,5,nova,Jan. 22- 2020,arbor
Unattached,Orange,Unattached,df77a86d-0123-46f2-8bf6-2292a4bd7357,CIRROS-4-stabl1,10,nova,Jan. 22- 2020,stabl1
Unattached,Orange,Unattached,ec24e764-00df-46fd-bb18-ecb592ed2aee,stabl2-perf5-vol1,1,nova,Jan. 22- 2020,stabl2
Unattached,Orange,Unattached,0c42eb96-592e-42a8-944c-a9d2e2b6a59d,arbor-perft5-vol1,100,nova,Jan. 22- 2020,arbor
Unattached,Orange,Unattached,b02dc642-0b7c-498c-af2e-62b3ad194f8c,stabl1-perft5-vol10,100,nova,Jan. 22- 2020,stabl1
Unattached,Orange,Unattached,fee36ebe-5ebd-4649-a4c7-dc467119b683,stabl1-perft5-vol9,100,nova,Jan. 22- 2020,stabl1
Unattached,Orange,Unattached,28a81614-acd4-4c5b-b090-abcd560e5035,stabl1-perft5-vol8,100,nova,Jan. 22- 2020,stabl1
Unattached,Orange,Unattached,c2497023-246d-446d-bbe4-7e59c18dbed9,stabl1-perft5-vol7,100,nova,Jan. 22- 2020,stabl1
Unattached,Orange,Unattached,d9e98e80-5c5b-43a8-a56d-59fa6b43b499,stabl1-perft5-vol6,100,nova,Jan. 22- 2020,stabl1
Unattached,Orange,Unattached,4f17cc67-1f09-44cf-992c-3f6c698fe016,stabl1-perft5-vol5,100,nova,Jan. 22- 2020,stabl1
Unattached,Orange,Unattached,6c5e9b3a-9fbf-4aeb-a4c9-1894e7f685c1,stabl1-perft5-vol4,100,nova,Jan. 22- 2020,stabl1
Unattached,Orange,Unattached,1a93abda-6781-4a0c-aa6a-b131659ba2fa,stabl1-perft5-vol3,100,nova,Jan. 22- 2020,stabl1
Unattached,Orange,Unattached,a2c7acfc-4cde-40b6-95ef-5a424c0c19eb,stabl1-perft5-vol2,100,nova,Jan. 22- 2020,stabl1
Unattached,Orange,Unattached,c8fc2a11-a763-4881-a421-e553c508b21e,stabl1-perft5-vol1,100,nova,Jan. 22- 2020,stabl1
Unattached,Lemon,Unattached,a4a555df-7c27-44cd-ab32-1a564ca184de,Stable-vol2,5,nova,Jan. 22- 2020,stabl2
Unattached,Lemon,Unattached,0dbb2dfa-2410-4089-9a4c-aa82dd207e1e,table-vol1,5,nova,Jan. 22- 2020,stabl1
Unattached,Lemon,Unattached,ee4b02a2-ada7-449a-89d3-74fb57ddd20c,CIRROS,5,nova,Jan. 22- 2020,arbor
Unattached,Lemon,Unattached,69e18e79-1eeb-4ce0-bf96-064d06d6750f,cirros,20,nova,Jan. 22- 2020,stabl1
Unattached,Lemon,Unattached,b45d675f-d279-4e22-993b-8d255e0f8ce1,,20,nova,Jan. 21- 2020,None
Unattached,Lemon,Unattached,0f8d377a-6639-49d8-8f3b-e7fcc5aa8730,ss3,1,nova,Jan. 21- 2020,arbor
Unattached,Lemon,Unattached,05b3c5e7-e602-4e45-a812-bafdfdee4107,ss2,1,nova,Jan. 21- 2020,stabl1-multiattach
Unattached,Lemon,Unattached,e6c36a46-2da6-40f4-b64c-f7630cb31263,ss,1,nova,Jan. 21- 2020,None
Unattached,Lemon,Unattached,1e162c34-ad80-4a48-9e7c-10a084c0bb0d,TEST,1,nova,Jan. 20- 2020,stabl2
Unattached,Lemon,Unattached,14f9b459-233f-4d52-90e5-706118154f4a,,5,nova,Jan. 20- 2020,stabl2
Unattached,admin,Unattached,26172849-a86a-48eb-a865-ff50284336cd,BOOTVOL,2,nova,Jan. 20- 2020,stabl2
Unattached,Lemon,Unattached,958b8321-f499-4a0b-a4a1-90e6bb382b26,,5,nova,Jan. 20- 2020,stabl2
Unattached,Lemon,Unattached,252a46d1-66aa-4f96-9d88-77d9ea50a5a5,,5,nova,Jan. 20- 2020,stabl2
Unattached,Lemon,Unattached,ffab9e0b-2e98-4ad7-8527-040cdf5974d3,,5,nova,Jan. 20- 2020,stabl2
Unattached,Lemon,Unattached,2562c8fa-9375-46a3-8c67-ccd34d65749f,,10,nova,Jan. 20- 2020,stabl2
Unattached,Lemon,Unattached,283c95db-30d2-44fd-8eec-720ff198ea80,Ubunut-vm,10,nova,Jan. 20- 2020,stabl2
Unattached,Lemon,Unattached,08986e64-df5e-4aef-a575-8d16d74d37ac,,10,nova,Jan. 20- 2020,stabl2
Unattached,Orange,Unattached,3d84a39d-2798-45ce-9a98-ef8bbed165b2,stabl1-test-be,1,nova,Jan. 9- 2020,stabl1
Unattached,None,Unattached,b156c438-6e77-423e-a91b-911214c2a4be,,1,nova,Jan. 7- 2020,stabl2
Unattached,Lemon,Unattached,ecf1efd9-7eaf-4dc7-8a53-988e110f15ed,Analyzer-vol,50,nova,Dec. 27- 2019,arbor
Unattached,admin,Unattached,67313752-f360-4453-9a6a-0ccf51b9fe57,vol3,10,nova,Dec. 26- 2019,stabl2
Unattached,admin,Unattached,789ad4d8-7e2a-4eb5-a452-8ca108a09fec,vol02,1,nova,Dec. 26- 2019,stabl2
Unattached,admin,Unattached,8c7c89b3-2b94-4e62-bfa7-96f8f88a6f7c,vol01,2,nova,Dec. 26- 2019,stabl2
Unattached,admin,Unattached,a3990104-c60f-48af-ba60-5308afa9b443,test,2,nova,Dec. 26- 2019,arbor
Unattached,admin,Unattached,4429c80f-c9de-484e-9d43-d809c007e741,test,2,nova,Dec. 26- 2019,stabl2
Unattached,admin,Unattached,3ffdd90f-e121-47e7-971f-0be959f994c5,welcome,2,nova,Dec. 24- 2019,None
Unattached,admin,Unattached,0fcec352-edb1-42a7-b8b7-c9139fa4f406,manageiqnew,1,nova,Dec. 24- 2019,None
Unattached,admin,Unattached,6e7585e5-cfe0-4c5d-91b3-8298dbdd7c85,apache,10,nova,Dec. 19- 2019,None
Unattached,admin,Unattached,83946fc5-0aee-4de9-b8cd-5d88435bc7bf,apache,10,nova,Dec. 19- 2019,None
Unattached,admin,Unattached,6c38a454-12ad-4b66-8347-2812c9928af2,apache,10,nova,Dec. 19- 2019,None
Unattached,admin,Unattached,bb7dd934-6f15-49f6-8927-1071e9d3be3e,apache,1,nova,Dec. 19- 2019,None
Unattached,admin,Unattached,5a0c485e-bbe7-4e4a-92ce-f91371e48d4a,apache,1,nova,Dec. 19- 2019,None
Unattached,admin,Unattached,d7f8c35f-48b7-424f-a268-f435e177103b,vol3,1,nova,Dec. 18- 2019,arbor
Unattached,admin,Unattached,d9bc3ac6-cbe2-4dfb-855a-936117a378ed,,1,nova,Dec. 18- 2019,stabl2
Unattached,admin,Unattached,2013bf22-a809-4d82-a2c4-212770c2f0d3,,2,nova,Dec. 17- 2019,stabl2
Unattached,admin,Unattached,d45dacf4-c240-4e95-9cf2-9ee07bf8f611,,2,nova,Dec. 17- 2019,stabl2
Unattached,DNS,Unattached,271ad88e-809a-45e3-ad62-d077a8d3cd99,arborvol1,1,nova,Dec. 17- 2019,arbor
Unattached,None,Unattached,3366f54a-75ff-4d5a-9357-1fb80123b8ad,,1,nova,Dec. 17- 2019,stabl2
Unattached,None,Unattached,efd3ab96-fd3d-432a-b7c1-b94631344535,,1,nova,Dec. 17- 2019,stabl2
Unattached,admin,Unattached,f947794d-0e85-475f-bb6c-b0fe1c99e15a,,100,nova,Dec. 16- 2019,stabl2
Unattached,admin,Unattached,9c206cdc-c336-4030-a94f-988397afa42c,TESTVOL02,100,nova,Dec. 16- 2019,stabl2
Unattached,admin,Unattached,f29599c2-ace3-4129-a10f-da2f81d43b81,,1,nova,Dec. 16- 2019,stabl2
Unattached,admin,Unattached,565f3127-dc7e-4e88-a3c6-d9d16b71b504,,1,nova,Dec. 16- 2019,stabl2
Unattached,admin,Unattached,5e3b36ba-94c4-4e94-87c0-6922072c4c4f,TESt,20,nova,Dec. 16- 2019,stabl1
Unattached,admin,Unattached,553b394e-8445-40e0-99b0-bb15139efb68,VOL02,40,nova,Dec. 16- 2019,arbor
Unattached,admin,Unattached,f820b9e0-28cf-4d1d-962f-ffdc3696d6b2,,100,nova,Dec. 16- 2019,arbor
Unattached,None,Unattached,08472db3-04a7-44da-89c4-0f6b6d5f0d91,manageiq,1,nova,Dec. 16- 2019,None
Unattached,None,Unattached,0c53156e-d0ce-4a0b-b041-ecfbd5790e25,arbor-vol01,1,nova,Dec. 16- 2019,arbor
Unattached,None,Unattached,fbacf6a7-e510-4df8-a6c5-3235dfe42e9a,stabl2-vol01,1,nova,Dec. 16- 2019,stabl2
Unattached,None,Unattached,be862625-a4f6-406f-b6a3-48436271b544,stabl1-vol01,1,nova,Dec. 16- 2019,stabl1
Unattached,None,Unattached,29bf33c6-fd9f-4d58-8809-6111d79440b6,,30,nova,Dec. 16- 2019,stabl1
Unattached,None,Unattached,c6113f0a-ee10-4e38-8068-f548f0df645f,,30,nova,Dec. 16- 2019,stabl1
Unattached,None,Unattached,b06fbf6f-27dc-4638-9f99-1987670cc85d,Apache,30,nova,Dec. 16- 2019,stabl1
Unattached,None,Unattached,26c6f334-1e68-41f8-869a-837741160024,cirros-test-boot,10,nova,Dec. 16- 2019,stabl2
Unattached,DNS,Unattached,c08960b4-7562-49ad-bdf0-36424f290c28,,1,nova,Dec. 15- 2019,None
Unattached,DNS,Unattached,709c8782-ec78-4c05-80ca-1adbc428b564,v2,1,nova,Dec. 15- 2019,arbor
Unattached,DNS,Unattached,a46e7874-2c8f-4533-90e6-84a9d03f13ae,v3,1,nova,Dec. 15- 2019,stabl2
Unattached,DNS,Unattached,f6aad7bf-2a65-4fe3-8bf7-1e630c7260b3,t2,1,nova,Dec. 14- 2019,stabl2
Unattached,None,Unattached,7af82e62-a4ef-4a54-9dda-507a9b106fff,vol1,1,nova,Dec. 13- 2019,arbor
Unattached,None,Unattached,cd75a816-42a8-4e05-b54e-5da20645b81a,,10,nova,Dec. 13- 2019,None
Unattached,None,Unattached,7ca8e6fd-306e-495b-9982-d42846ce029e,,1,nova,Dec. 13- 2019,None
Unattached,None,Unattached,113a0dfb-e252-453a-84c3-82caa9eb8ecb,,1,nova,Dec. 12- 2019,None
Unattached,None,Unattached,3d819182-6d82-4325-859a-5007620a607b,,1,nova,Dec. 12- 2019,None
Unattached,None,Unattached,e9db7a21-0673-4657-9152-386deebc366d,,1,nova,Dec. 11- 2019,None
Unattached,None,Unattached,710e19d5-5a53-4b23-91b0-d78739171def,,1,nova,Dec. 10- 2019,None
Unattached,None,Unattached,572b8ef6-9ca7-405a-b226-6f3fae9f86b2,,1,nova,Dec. 9- 2019,None
Unattached,None,Unattached,5bd585c7-ad6c-44a1-a877-3312ecee993b,,1,nova,Dec. 9- 2019,None
Unattached,DNS,Unattached,4d3f9fbd-ae18-4c6f-9aa0-042a7ce20dc3,Test97,1,nova,Dec. 9- 2019,stabl1
Unattached,None,Unattached,bffbfa57-f575-4de2-a409-33a501d9ec37,,20,nova,Dec. 9- 2019,None
Unattached,None,Unattached,2e880f19-9ac3-4f50-a1f5-6241df2cde1a,,20,nova,Dec. 9- 2019,None
Unattached,None,Unattached,f115df7d-bf23-4d8a-b546-e4fefb3ff6cb,,20,nova,Dec. 9- 2019,None
Unattached,None,Unattached,606c60e8-e28d-4a74-b3c8-144ae84f9d20,,1,nova,Dec. 9- 2019,None
Unattached,None,Unattached,2385c302-7350-4c87-b539-60b9119739ff,,1,nova,Dec. 9- 2019,None
Unattached,None,Unattached,e362ea03-c089-402d-88a5-bf0ae65ce984,,1,nova,Dec. 9- 2019,None
Unattached,None,Unattached,9fc25026-89a0-4e08-83ae-0f8ae366740c,,1,nova,Dec. 9- 2019,None
Unattached,None,Unattached,70efe129-dbcf-47b6-8d71-708042099201,,1,nova,Dec. 9- 2019,None
Unattached,None,Unattached,1101e7ab-cf47-473c-9d01-4dddc7ad695d,vol02,1,nova,Dec. 9- 2019,stabl2
Unattached,None,Unattached,c99b1d28-0f64-48a3-9185-ca6234c20115,,1,nova,Dec. 9- 2019,None
Unattached,None,Unattached,1ee7f77f-be94-4782-91a3-9323d54f5e18,,1,nova,Dec. 9- 2019,None
Unattached,None,Unattached,1d9645f3-fb21-47cf-9f8b-ef9f6bea37d5,vol1,1,nova,Dec. 8- 2019,stabl1
Unattached,None,Unattached,933903c6-193d-4c16-bcc8-3c568c92e4af,,1,nova,Dec. 8- 2019,None
Unattached,DNS,Unattached,c594c42b-d80d-4fd9-8285-d8c4f3d1b695,kamil-test-3,4,nova,Dec. 6- 2019,None
Unattached,DNS,Unattached,b0ec2c44-f00e-41e1-b67f-a20b03104598,kamil-test-2,5,nova,Dec. 5- 2019,None
Unattached,None,Unattached,933903c6-193d-4c16-bcc8-3c568c92e4af,,1,nova,Dec. 8- 2019,None
Unattached,DNS,Unattached,c594c42b-d80d-4fd9-8285-d8c4f3d1b695,kamil-test-3,4,nova,Dec. 6- 2019,None
Unattached,DNS,Unattached,b0ec2c44-f00e-41e1-b67f-a20b03104598,kamil-test-2,5,nova,Dec. 5- 2019,None